[
    {
        "model": "registration.registrationprofile",
        "pk": 2,
        "fields": {
            "user": 3,
            "activation_key": "146a35a103453d922ca2ee1d4e38645b5c31bcf0d0e50b653f611effeed01ff1",
            "activated": false
        }
    },
    {
        "model": "sessions.session",
        "pk": "1zuj2k3gzqywvbflrt11e2xh2z9vi2tu",
        "fields": {
            "session_data": ".eJxVjMsOwiAUBf-FtSHChQIu3fsNzX0QqRpISrsy_rtt0oVuZ-actxpxXcq49jyPk6iLMur0ywj5mesu5IH13jS3uswT6T3Rh-361iS_rkf7d1Cwl209ELNNxAbQgAD6GETIWxM8eMeEFGJg5CgMLoVgAWAD5yGhJx6c-nwB7mM3zQ:1qi7OP:Ap8AxuKcJotScpRU9B-8kMqbe_9HAed055epCAt_Rgg",
            "expire_date": "2023-10-02T06:05:57.613Z"
        }
    },
    {
        "model": "sessions.session",
        "pk": "bdaxr6otzh228x32vo1vrgbi6mf5215w",
        "fields": {
            "session_data": ".eJxVjMsOwiAUBf-FtSHChQIu3fsNzX0QqRpISrsy_rtt0oVuZ-actxpxXcq49jyPk6iLMur0ywj5mesu5IH13jS3uswT6T3Rh-361iS_rkf7d1Cwl209ELNNxAbQgAD6GETIWxM8eMeEFGJg5CgMLoVgAWAD5yGhJx6c-nwB7mM3zQ:1qyPrd:278HGqj2G9t--bkOkPlXyTfCR-rkOiA4ySKx7invrYg",
            "expire_date": "2023-11-16T05:03:29.446Z"
        }
    },
    {
        "model": "sessions.session",
        "pk": "emy1prv1ikt2zh1ag2yebyp90na495nn",
        "fields": {
            "session_data": ".eJxVjMsOwiAUBf-FtSHChQIu3fsNzX0QqRpISrsy_rtt0oVuZ-actxpxXcq49jyPk6iLMur0ywj5mesu5IH13jS3uswT6T3Rh-361iS_rkf7d1Cwl209ELNNxAbQgAD6GETIWxM8eMeEFGJg5CgMLoVgAWAD5yGhJx6c-nwB7mM3zQ:1qiVQe:6s66ZKcuIqOxX6LK6OXQYo5vpQr9U0wSgYSl7UuxAOU",
            "expire_date": "2023-10-03T07:45:52.912Z"
        }
    },
    {
        "model": "web.destinationcity",
        "pk": "14cb78f0-b100-481d-8308-fe54026f8c8f",
        "fields": {
            "name": "Abu Dhabi",
            "image": "destinationcity_images/abudahbi.jpeg",
            "image_short_heading": "Abudabi",
            "image_short_text": "Abudabi",
            "description_heading": "",
            "description": ""
        }
    },
    {
        "model": "web.destinationcity",
        "pk": "45571041-9bbe-4787-bdbd-623e33edf6ff",
        "fields": {
            "name": "Dubai",
            "image": "destinationcity_images/dubai_areilview.jpg",
            "image_short_heading": "Dubai",
            "image_short_text": "Explore Dubai: A Jewel in the Desert",
            "description_heading": "",
            "description": ""
        }
    },
    {
        "model": "web.touristdestination",
        "pk": "1bb3fefc-4738-4c8a-9009-504fd2c3d484",
        "fields": {
            "city": "14cb78f0-b100-481d-8308-fe54026f8c8f",
            "name": "Warner Bros World",
            "description": "<p>Go on a superhero adventure at Warner Bros. World in Abu Dhabi and explore all your favorite heroes, villains, and legendary Warner brothers characters in this exhilarating theme park. Also, enjoy free shuttles back and forth from Dubai with these tickets.</p>",
            "prefernce": true,
            "popular_destination": true,
            "tourist_image": [
                5
            ]
        }
    },
    {
        "model": "web.touristdestination",
        "pk": "79ab3afc-c725-4d51-89ef-cc4087571abd",
        "fields": {
            "city": "45571041-9bbe-4787-bdbd-623e33edf6ff",
            "name": "Museum of The Future Dubai Tickets",
            "description": "<p>The Museum of the Future combines futuristic technology and sustainable solutions under one fun time-traveling roof!</p>",
            "prefernce": true,
            "popular_destination": true,
            "tourist_image": [
                4
            ]
        }
    },
    {
        "model": "web.touristdestination",
        "pk": "831ab421-9ac0-4fae-96dc-3d8b4338450d",
        "fields": {
            "city": "45571041-9bbe-4787-bdbd-623e33edf6ff",
            "name": "Dubai Frame",
            "description": "<p>A Window to the Past and Future</p>",
            "prefernce": true,
            "popular_destination": false,
            "tourist_image": [
                3
            ]
        }
    },
    {
        "model": "web.touristdestination",
        "pk": "9bdc4632-80e3-4897-927e-2fd50afed9fa",
        "fields": {
            "city": "45571041-9bbe-4787-bdbd-623e33edf6ff",
            "name": "Tickets to Burj Khalifa At the Top: Level 124 & 125",
            "description": "<p>Zip up the fastest elevators on the planet to reach the 124th floor of the Burj Khalifa for stunning views of the Dubai skyline.</p>",
            "prefernce": true,
            "popular_destination": true,
            "tourist_image": [
                2
            ]
        }
    },
    {
        "model": "web.touristdestination",
        "pk": "f078b261-a026-4032-9038-5c2a4ff86cae",
        "fields": {
            "city": "14cb78f0-b100-481d-8308-fe54026f8c8f",
            "name": "Ferrari World",
            "description": "<p>Ferrari World</p>",
            "prefernce": true,
            "popular_destination": true,
            "tourist_image": [
                1
            ]
        }
    },
    {
        "model": "web.destinationspecification",
        "pk": 1,
        "fields": {
            "destination": "f078b261-a026-4032-9038-5c2a4ff86cae",
            "specification_heading": "Highlights",
            "specification_content": "<p>Ferrari World</p>"
        }
    },
    {
        "model": "web.destinationspecification",
        "pk": 2,
        "fields": {
            "destination": "9bdc4632-80e3-4897-927e-2fd50afed9fa",
            "specification_heading": "Highlights",
            "specification_content": "<ul>\r\n<li>\r\n<p>Experience Dubai from up above the tallest building in the world - the Burj Khalifa.</p>\r\n</li>\r\n<li>\r\n<p>The observation deck on the 124th floor gives you 360-degree views of the city and the Arabian Gulf.</p>\r\n</li>\r\n<li>\r\n<p>Share pictures of the mesmerizing Dubai skyline as you click them with the free WiFi available.</p>\r\n</li>\r\n<li>\r\n<p>Explore the intricate Masharabiya motifs on the 125th floor, designed as a tribute to Arab arts and culture.</p>\r\n</li>\r\n<li>\r\n<p>Fun Fact: Burj Khalifa features the world's fastest elevator that travels at 10 metres per second.</p>\r\n</li>\r\n</ul>"
        }
    },
    {
        "model": "web.destinationspecification",
        "pk": 3,
        "fields": {
            "destination": "831ab421-9ac0-4fae-96dc-3d8b4338450d",
            "specification_heading": "Highlights",
            "specification_content": "<div>\r\n<div class=\"heading-text core-section-header-container\">&nbsp;</div>\r\n</div>\r\n<div class=\"accordion__ContentBlock-sc-jshkza-2 dTUIYw content-body\">\r\n<div class=\"accordionContentSection__HtmlContentWrapper-sc-glp2jq-2 cQgcyN\">\r\n<div class=\"content-html notranslate\">\r\n<ul>\r\n<li>\r\n<p>Enjoy a flexible visit as you enter anytime within the operating hours.</p>\r\n</li>\r\n<li>\r\n<p>Get a stunning view of the Dubai Skyline at the Dubai Frame.</p>\r\n</li>\r\n<li>\r\n<p>Discover the museum and see the evolution of Dubai into the buzzing metropolitan city that it is and see the future plans for the city.</p>\r\n</li>\r\n<li>\r\n<p>Take a panoramic elevator to the top from where you can see mesmerizing views of the past and present of Dubai in all its splendor.</p>\r\n</li>\r\n<li>\r\n<p>Fun fact: The Dubai Frame was designed by Fernando Donis, the same person whose genius went behind the designs of Porsche Design tower and the Dubai Renaissance tower.</p>\r\n</li>\r\n</ul>\r\n</div>\r\n</div>\r\n</div>"
        }
    },
    {
        "model": "web.destinationspecification",
        "pk": 4,
        "fields": {
            "destination": "79ab3afc-c725-4d51-89ef-cc4087571abd",
            "specification_heading": "Highlights",
            "specification_content": "<ul>\r\n<li>\r\n<p>Experience Dubai from up above the tallest building in the world - the Burj Khalifa.</p>\r\n</li>\r\n<li>\r\n<p>The observation deck on the 124th floor gives you 360-degree views of the city and the Arabian Gulf.</p>\r\n</li>\r\n<li>\r\n<p>Share pictures of the mesmerizing Dubai skyline as you click them with the free WiFi available.</p>\r\n</li>\r\n<li>\r\n<p>Explore the intricate Masharabiya motifs on the 125th floor, designed as a tribute to Arab arts and culture.</p>\r\n</li>\r\n<li>\r\n<p>Fun Fact: Burj Khalifa features the world's fastest elevator that travels at 10 metres per second.</p>\r\n</li>\r\n</ul>"
        }
    },
    {
        "model": "web.destinationspecification",
        "pk": 5,
        "fields": {
            "destination": "1bb3fefc-4738-4c8a-9009-504fd2c3d484",
            "specification_heading": "Highlights",
            "specification_content": "<ul>\r\n<li>\r\n<p>Warner Bros. World is home to 29 sophisticated thrill rides, interactive family-friendly attractions, and exclusive family entertainment, plus shopping and dining opportunities aplenty.</p>\r\n</li>\r\n<li>\r\n<p>Did you know? Yas Island gets its name from the tribe that first inhabited Abu Dhabi.</p>\r\n</li>\r\n</ul>"
        }
    },
    {
        "model": "web.blog",
        "pk": 1,
        "fields": {
            "tag": "palm jumairah",
            "heading": "palm jumairahpalm jumairahpalm jumairahpalm jumairahpalm jumairahpalm jumairahpalm jumairahpalm jumairahpalm jumairahpalm jumairahpalm jumairahpalm jumairahpalm jumairahpalm jumairahpalm jumairahpalm jumairahpalm jumairahpalm jumairahpalm jumairahpalm jumairahpalm jumairahpalm jumairahpalm jumairahpalm jumairahpalm jumairahpalm jumairah",
            "slug": "palm-jumairahpalm-jumairahpalm-jumairahpalm-jumairahpalm-jumairahpalm-jumairahpalm-jumairahpalm-jumairahpalm-jumairahpalm-jumairahpalm-jumairahpalm-jumairahpalm-jumairahpalm-jumairahpalm-jumairahpalm-jumairahpalm-jumairahpalm-jumairahpalm-jumairahpalm-jumairahpalm-jumairahpalm-jumairahpalm-jumairahp",
            "image": "blog_images/frame.jpg",
            "content_heading": "palm jumairahpalm jumairahpalm jumairahpalm jumairahpalm jumairahpalm jumairahpalm jumairahpalm jumairahpalm jumairahpalm jumairahpalm jumairahpalm jumairahpalm jumairahpalm jumairahpalm jumairah",
            "content": "<p>palm jumairahpalm jumairahpalm jumairahpalm jumairahpalm jumairahpalm jumairahpalm jumairahpalm jumairahpalm jumairahpalm jumairahpalm jumairahpalm jumairahpalm jumairahpalm jumairahpalm jumairahpalm jumairahpalm jumairah</p>",
            "date": "2023-09-19"
        }
    },
    {
        "model": "web.thingstodo",
        "pk": 1,
        "fields": {
            "city": "45571041-9bbe-4787-bdbd-623e33edf6ff",
            "image": "thingstodo_images/desert_safari.jpg",
            "place_name": "Dubai Desert Safari"
        }
    },
    {
        "model": "web.thingstodo",
        "pk": 2,
        "fields": {
            "city": "45571041-9bbe-4787-bdbd-623e33edf6ff",
            "image": "thingstodo_images/dubaiaquarium.jpg",
            "place_name": "Dubai Aquarium"
        }
    },
    {
        "model": "web.thingstodo",
        "pk": 3,
        "fields": {
            "city": "14cb78f0-b100-481d-8308-fe54026f8c8f",
            "image": "thingstodo_images/dessert_safari.webp",
            "place_name": "Desert Safari Abu Dhabi"
        }
    },
    {
        "model": "ticket.ticketgroupprice",
        "pk": "16831bdb-3cd2-40c1-9b92-c0beb6b95ba5",
        "fields": {
            "ticket_type": "26cc2dad-a2c2-4037-ba55-036b7c0c95d3",
            "age_group": "children",
            "price": "1000.00"
        }
    },
    {
        "model": "ticket.ticketgroupprice",
        "pk": "191ba86a-31c8-4bdf-bdd7-ba4623be5e18",
        "fields": {
            "ticket_type": "af2fa218-9bf1-4b81-947e-184a62e977a8",
            "age_group": "adult",
            "price": "3000.00"
        }
    },
    {
        "model": "ticket.ticketgroupprice",
        "pk": "35fe1639-fe67-45fd-930b-046678330bbc",
        "fields": {
            "ticket_type": "0b0d311a-14c7-44f1-8f6d-43899f2e5b24",
            "age_group": "adult",
            "price": "1000.00"
        }
    },
    {
        "model": "ticket.ticketgroupprice",
        "pk": "44cebdbf-596b-492d-be5f-5e853a5fc507",
        "fields": {
            "ticket_type": "0b0d311a-14c7-44f1-8f6d-43899f2e5b24",
            "age_group": "children",
            "price": "500.00"
        }
    },
    {
        "model": "ticket.ticketgroupprice",
        "pk": "554d897e-bc63-4855-b156-8034a147c1f8",
        "fields": {
            "ticket_type": "faacaebf-e40d-46e8-b14e-04678661b1e8",
            "age_group": "children",
            "price": "1000.00"
        }
    },
    {
        "model": "ticket.ticketgroupprice",
        "pk": "6b67dbf2-81c1-4dd7-ba1c-a096eb31f608",
        "fields": {
            "ticket_type": "389385c3-b080-460c-bb0b-95c20f7d0d2b",
            "age_group": "adult",
            "price": "5000.00"
        }
    },
    {
        "model": "ticket.ticketgroupprice",
        "pk": "a3855275-1a74-4d30-bac5-e30b84662a25",
        "fields": {
            "ticket_type": "faacaebf-e40d-46e8-b14e-04678661b1e8",
            "age_group": "adult",
            "price": "2500.00"
        }
    },
    {
        "model": "ticket.ticketgroupprice",
        "pk": "b417af16-8397-4ff0-983a-57d59b56f8b9",
        "fields": {
            "ticket_type": "389385c3-b080-460c-bb0b-95c20f7d0d2b",
            "age_group": "children",
            "price": "2500.00"
        }
    },
    {
        "model": "ticket.ticketgroupprice",
        "pk": "b8719ed1-41cc-49c3-a43d-c88cb02c9797",
        "fields": {
            "ticket_type": "af2fa218-9bf1-4b81-947e-184a62e977a8",
            "age_group": "children",
            "price": "2000.00"
        }
    },
    {
        "model": "ticket.ticketgroupprice",
        "pk": "fdf1fd9e-83a8-4880-b39c-0329cddaba4f",
        "fields": {
            "ticket_type": "26cc2dad-a2c2-4037-ba55-036b7c0c95d3",
            "age_group": "adult",
            "price": "2000.00"
        }
    },
    {
        "model": "ticket.tickettype",
        "pk": "0b0d311a-14c7-44f1-8f6d-43899f2e5b24",
        "fields": {
            "ticket_type": "regular",
            "places": "9bdc4632-80e3-4897-927e-2fd50afed9fa"
        }
    },
    {
        "model": "ticket.tickettype",
        "pk": "26cc2dad-a2c2-4037-ba55-036b7c0c95d3",
        "fields": {
            "ticket_type": "gold",
            "places": "f078b261-a026-4032-9038-5c2a4ff86cae"
        }
    },
    {
        "model": "ticket.tickettype",
        "pk": "389385c3-b080-460c-bb0b-95c20f7d0d2b",
        "fields": {
            "ticket_type": "regular",
            "places": "79ab3afc-c725-4d51-89ef-cc4087571abd"
        }
    },
    {
        "model": "ticket.tickettype",
        "pk": "af2fa218-9bf1-4b81-947e-184a62e977a8",
        "fields": {
            "ticket_type": "regular",
            "places": "1bb3fefc-4738-4c8a-9009-504fd2c3d484"
        }
    },
    {
        "model": "ticket.tickettype",
        "pk": "faacaebf-e40d-46e8-b14e-04678661b1e8",
        "fields": {
            "ticket_type": "regular",
            "places": "831ab421-9ac0-4fae-96dc-3d8b4338450d"
        }
    },
    {
        "model": "ticket.ticket",
        "pk": "184b0e67-b756-4672-b573-5ba66155deba",
        "fields": {
            "ticket_type": "fdf1fd9e-83a8-4880-b39c-0329cddaba4f",
            "serial_number": "100A1",
            "validity_from_date": "2023-09-18",
            "validity_end_date": "2023-09-30",
            "status": true,
            "ticket_pdf": "7_yeeC7CP.jpg"
        }
    },
    {
        "model": "ticket.ticket",
        "pk": "2e9c3636-75d0-40f0-ac09-39a9748c1328",
        "fields": {
            "ticket_type": "6b67dbf2-81c1-4dd7-ba1c-a096eb31f608",
            "serial_number": "DMF003",
            "validity_from_date": "2023-09-18",
            "validity_end_date": "2023-09-29",
            "status": false,
            "ticket_pdf": "6_w3fDoNj.jpg"
        }
    },
    {
        "model": "ticket.ticket",
        "pk": "5be89aa0-4bd6-4ed0-b5b6-b3e5ca740bc7",
        "fields": {
            "ticket_type": "a3855275-1a74-4d30-bac5-e30b84662a25",
            "serial_number": "DFA001",
            "validity_from_date": "2023-09-18",
            "validity_end_date": "2023-09-29",
            "status": true,
            "ticket_pdf": "1_3dwlpc8.jpg"
        }
    },
    {
        "model": "ticket.ticket",
        "pk": "78e607b5-9601-49f4-ae36-dc9c0d281eae",
        "fields": {
            "ticket_type": "6b67dbf2-81c1-4dd7-ba1c-a096eb31f608",
            "serial_number": "DMF004",
            "validity_from_date": "2023-09-18",
            "validity_end_date": "2023-09-29",
            "status": false,
            "ticket_pdf": "1_QDlmy5N.jpg"
        }
    },
    {
        "model": "ticket.ticket",
        "pk": "7a77a856-70f6-4f32-8231-23d89d2d2ba0",
        "fields": {
            "ticket_type": "16831bdb-3cd2-40c1-9b92-c0beb6b95ba5",
            "serial_number": "100C1",
            "validity_from_date": "2023-09-18",
            "validity_end_date": "2023-09-30",
            "status": false,
            "ticket_pdf": "7_eVNE1X1.jpg"
        }
    },
    {
        "model": "ticket.ticket",
        "pk": "7d6cb390-2153-4304-9053-6269ca87f581",
        "fields": {
            "ticket_type": "16831bdb-3cd2-40c1-9b92-c0beb6b95ba5",
            "serial_number": "100C2",
            "validity_from_date": "2023-09-18",
            "validity_end_date": "2023-09-30",
            "status": false,
            "ticket_pdf": "3_i0w7xS4.jpg"
        }
    },
    {
        "model": "ticket.ticket",
        "pk": "84d03009-f60b-4a6c-a43d-f5aaf4632486",
        "fields": {
            "ticket_type": "35fe1639-fe67-45fd-930b-046678330bbc",
            "serial_number": "BRJ0012",
            "validity_from_date": "2023-09-18",
            "validity_end_date": "2023-09-22",
            "status": false,
            "ticket_pdf": "3_X5CadNq.jpg"
        }
    },
    {
        "model": "ticket.ticket",
        "pk": "88d170c0-a533-4873-8b70-941751afb77a",
        "fields": {
            "ticket_type": "554d897e-bc63-4855-b156-8034a147c1f8",
            "serial_number": "DF002",
            "validity_from_date": "2023-09-18",
            "validity_end_date": "2023-09-29",
            "status": false,
            "ticket_pdf": "7_djeKz0l.jpg"
        }
    },
    {
        "model": "ticket.ticket",
        "pk": "98e094b0-ca2d-4b3a-a5ba-acd6f0967285",
        "fields": {
            "ticket_type": "a3855275-1a74-4d30-bac5-e30b84662a25",
            "serial_number": "DFA004",
            "validity_from_date": "2023-09-18",
            "validity_end_date": "2023-09-29",
            "status": false,
            "ticket_pdf": "6_CF0rqAb.jpg"
        }
    },
    {
        "model": "ticket.ticket",
        "pk": "9f4b4448-4f8d-4ae1-a32c-329d916e1c1c",
        "fields": {
            "ticket_type": "6b67dbf2-81c1-4dd7-ba1c-a096eb31f608",
            "serial_number": "DMF001",
            "validity_from_date": "2023-09-18",
            "validity_end_date": "2023-09-29",
            "status": false,
            "ticket_pdf": "std.png"
        }
    },
    {
        "model": "ticket.ticket",
        "pk": "a3913f0a-36f1-44cc-a154-85514d9da79f",
        "fields": {
            "ticket_type": "554d897e-bc63-4855-b156-8034a147c1f8",
            "serial_number": "DF001",
            "validity_from_date": "2023-09-18",
            "validity_end_date": "2023-09-29",
            "status": true,
            "ticket_pdf": "C4.png"
        }
    },
    {
        "model": "ticket.ticket",
        "pk": "aad24ca4-f7d3-43c5-af6c-c06794af0b42",
        "fields": {
            "ticket_type": "6b67dbf2-81c1-4dd7-ba1c-a096eb31f608",
            "serial_number": "DMF002",
            "validity_from_date": "2023-09-18",
            "validity_end_date": "2023-09-29",
            "status": false,
            "ticket_pdf": "5.jpg"
        }
    },
    {
        "model": "ticket.ticket",
        "pk": "ad3c8d5f-5d1f-48bf-bc9b-6514b25be3cb",
        "fields": {
            "ticket_type": "a3855275-1a74-4d30-bac5-e30b84662a25",
            "serial_number": "DFA002",
            "validity_from_date": "2023-09-18",
            "validity_end_date": "2023-09-29",
            "status": true,
            "ticket_pdf": "2.jpg"
        }
    },
    {
        "model": "ticket.ticket",
        "pk": "ad7bc041-15d4-488c-924f-e315eaf6c2ce",
        "fields": {
            "ticket_type": "b8719ed1-41cc-49c3-a43d-c88cb02c9797",
            "serial_number": "wrb2",
            "validity_from_date": "2023-09-18",
            "validity_end_date": "2023-09-28",
            "status": false,
            "ticket_pdf": "3.jpg"
        }
    },
    {
        "model": "ticket.ticket",
        "pk": "b01e5444-b087-4a36-b5fd-26e4f344dd6d",
        "fields": {
            "ticket_type": "191ba86a-31c8-4bdf-bdd7-ba4623be5e18",
            "serial_number": "WR001",
            "validity_from_date": "2023-09-19",
            "validity_end_date": "2023-09-22",
            "status": false,
            "ticket_pdf": "8.jpg"
        }
    },
    {
        "model": "ticket.ticket",
        "pk": "b81bd412-0554-4803-a819-49e2ca99a060",
        "fields": {
            "ticket_type": "b8719ed1-41cc-49c3-a43d-c88cb02c9797",
            "serial_number": "wrb1",
            "validity_from_date": "2023-09-18",
            "validity_end_date": "2023-09-20",
            "status": false,
            "ticket_pdf": "7.jpg"
        }
    },
    {
        "model": "ticket.ticket",
        "pk": "b85922c7-d3b7-43cb-b5a7-ad6ab0b4a45c",
        "fields": {
            "ticket_type": "35fe1639-fe67-45fd-930b-046678330bbc",
            "serial_number": "BRJ0013",
            "validity_from_date": "2023-09-18",
            "validity_end_date": "2023-09-22",
            "status": false,
            "ticket_pdf": "1_vsXVgbF.jpg"
        }
    },
    {
        "model": "ticket.ticket",
        "pk": "bb59bf25-510e-4d9a-a5c6-729829a0b0e6",
        "fields": {
            "ticket_type": "554d897e-bc63-4855-b156-8034a147c1f8",
            "serial_number": "DF003",
            "validity_from_date": "2023-09-18",
            "validity_end_date": "2023-10-20",
            "status": false,
            "ticket_pdf": "4.jpg"
        }
    },
    {
        "model": "ticket.ticket",
        "pk": "c61015c7-7f1a-4b89-a199-162f513bd343",
        "fields": {
            "ticket_type": "fdf1fd9e-83a8-4880-b39c-0329cddaba4f",
            "serial_number": "100A2",
            "validity_from_date": "2023-09-18",
            "validity_end_date": "2023-09-30",
            "status": true,
            "ticket_pdf": "9_UYirYST.jpg"
        }
    },
    {
        "model": "ticket.ticket",
        "pk": "e7be8766-ce97-4b6f-8e24-8f0edf4dd1a8",
        "fields": {
            "ticket_type": "191ba86a-31c8-4bdf-bdd7-ba4623be5e18",
            "serial_number": "WR002",
            "validity_from_date": "2023-09-19",
            "validity_end_date": "2023-09-18",
            "status": false,
            "ticket_pdf": "6.jpg"
        }
    },
    {
        "model": "ticket.ticket",
        "pk": "ed9193a4-3d8f-4bc9-a9a5-f3198238b64c",
        "fields": {
            "ticket_type": "a3855275-1a74-4d30-bac5-e30b84662a25",
            "serial_number": "DFA003",
            "validity_from_date": "2023-09-18",
            "validity_end_date": "2023-11-21",
            "status": false,
            "ticket_pdf": "1.jpg"
        }
    },
    {
        "model": "ticket.ticket",
        "pk": "fd5dd1b5-ba6f-4339-a312-5d4b806cffe9",
        "fields": {
            "ticket_type": "35fe1639-fe67-45fd-930b-046678330bbc",
            "serial_number": "BRJ001",
            "validity_from_date": "2023-09-18",
            "validity_end_date": "2023-09-22",
            "status": false,
            "ticket_pdf": "9.jpg"
        }
    },
    {
        "model": "ticket.checkout",
        "pk": 1,
        "fields": {
            "full_name": "Dominic Fulton",
            "phone_number": "+1 (727) 432-8262",
            "email": "loqaharac@mailinator.com",
            "confirm_email": "loqaharac@mailinator.com",
            "booked_date": "2023-09-22",
            "guest_adult": 1,
            "guest_child": 2,
            "total_price": "4000.00"
        }
    },
    {
        "model": "ticket.checkout",
        "pk": 2,
        "fields": {
            "full_name": "Patience Santiago",
            "phone_number": "+1 (112) 127-3674",
            "email": "pebaka@mailinator.com",
            "confirm_email": "pebaka@mailinator.com",
            "booked_date": "2023-09-30",
            "guest_adult": 1,
            "guest_child": 0,
            "total_price": "2000.00"
        }
    },
    {
        "model": "ticket.checkout",
        "pk": 3,
        "fields": {
            "full_name": "Charity Barnett",
            "phone_number": "+1 (741) 654-1777",
            "email": "lowys@mailinator.com",
            "confirm_email": "lowys@mailinator.com",
            "booked_date": "2023-09-30",
            "guest_adult": 1,
            "guest_child": 0,
            "total_price": "2000.00"
        }
    },
    {
        "model": "ticket.checkout",
        "pk": 4,
        "fields": {
            "full_name": "Myra Cash",
            "phone_number": "+1 (499) 884-3189",
            "email": "nipi@mailinator.com",
            "confirm_email": "nipi@mailinator.com",
            "booked_date": "2023-09-28",
            "guest_adult": 1,
            "guest_child": 0,
            "total_price": "2000.00"
        }
    },
    {
        "model": "ticket.checkout",
        "pk": 5,
        "fields": {
            "full_name": "April Mccormick",
            "phone_number": "+1 (383) 239-9753",
            "email": "leracuzex@mailinator.com",
            "confirm_email": "leracuzex@mailinator.com",
            "booked_date": "2023-09-22",
            "guest_adult": 1,
            "guest_child": 0,
            "total_price": "2000.00"
        }
    },
    {
        "model": "ticket.checkout",
        "pk": 6,
        "fields": {
            "full_name": "April Mccormick",
            "phone_number": "+1 (383) 239-9753",
            "email": "leracuzex@mailinator.com",
            "confirm_email": "leracuzex@mailinator.com",
            "booked_date": "2023-09-22",
            "guest_adult": 1,
            "guest_child": 0,
            "total_price": "2000.00"
        }
    },
    {
        "model": "ticket.checkout",
        "pk": 7,
        "fields": {
            "full_name": "Jillian Puckett",
            "phone_number": "+1 (101) 608-8086",
            "email": "vicy@mailinator.com",
            "confirm_email": "vicy@mailinator.com",
            "booked_date": "2023-09-30",
            "guest_adult": 2,
            "guest_child": 0,
            "total_price": "4000.00"
        }
    },
    {
        "model": "ticket.checkout",
        "pk": 8,
        "fields": {
            "full_name": "Kirby England",
            "phone_number": "+1 (405) 536-3334",
            "email": "wezuw@mailinator.com",
            "confirm_email": "wezuw@mailinator.com",
            "booked_date": "2023-09-30",
            "guest_adult": 2,
            "guest_child": 0,
            "total_price": "4000.00"
        }
    },
    {
        "model": "ticket.checkout",
        "pk": 9,
        "fields": {
            "full_name": "Serina Keller",
            "phone_number": "+1 (942) 903-9418",
            "email": "bevoda@mailinator.com",
            "confirm_email": "bevoda@mailinator.com",
            "booked_date": "2023-09-18",
            "guest_adult": 1,
            "guest_child": 0,
            "total_price": "2500.00"
        }
    },
    {
        "model": "ticket.checkout",
        "pk": 10,
        "fields": {
            "full_name": "Test",
            "phone_number": "8281218060",
            "email": "teat@gmail.com",
            "confirm_email": "teat@gmail.com",
            "booked_date": "2023-09-20",
            "guest_adult": 2,
            "guest_child": 1,
            "total_price": "5100.00"
        }
    },
    {
        "model": "ticket.checkout",
        "pk": 11,
        "fields": {
            "full_name": "Eve Lang",
            "phone_number": "+1 (932) 237-3989",
            "email": "qyte@mailinator.com",
            "confirm_email": "qyte@mailinator.com",
            "booked_date": "2023-09-29",
            "guest_adult": 1,
            "guest_child": 0,
            "total_price": "5000.00"
        }
    },
    {
        "model": "ticket.checkout",
        "pk": 12,
        "fields": {
            "full_name": "Jescie Snow",
            "phone_number": "+1 (977) 927-8738",
            "email": "xenolez@mailinator.com",
            "confirm_email": "xenolez@mailinator.com",
            "booked_date": "2023-09-23",
            "guest_adult": 1,
            "guest_child": 0,
            "total_price": "5000.00"
        }
    },
    {
        "model": "ticket.bookeddetails",
        "pk": 1,
        "fields": {
            "ticket": "184b0e67-b756-4672-b573-5ba66155deba",
            "checkout": 1
        }
    },
    {
        "model": "ticket.bookeddetails",
        "pk": 2,
        "fields": {
            "ticket": "7a77a856-70f6-4f32-8231-23d89d2d2ba0",
            "checkout": 1
        }
    },
    {
        "model": "ticket.bookeddetails",
        "pk": 3,
        "fields": {
            "ticket": "7d6cb390-2153-4304-9053-6269ca87f581",
            "checkout": 1
        }
    },
    {
        "model": "ticket.bookeddetails",
        "pk": 4,
        "fields": {
            "ticket": "184b0e67-b756-4672-b573-5ba66155deba",
            "checkout": 2
        }
    },
    {
        "model": "ticket.bookeddetails",
        "pk": 5,
        "fields": {
            "ticket": "184b0e67-b756-4672-b573-5ba66155deba",
            "checkout": 3
        }
    },
    {
        "model": "ticket.bookeddetails",
        "pk": 6,
        "fields": {
            "ticket": "184b0e67-b756-4672-b573-5ba66155deba",
            "checkout": 4
        }
    },
    {
        "model": "ticket.bookeddetails",
        "pk": 7,
        "fields": {
            "ticket": "184b0e67-b756-4672-b573-5ba66155deba",
            "checkout": 5
        }
    },
    {
        "model": "ticket.bookeddetails",
        "pk": 8,
        "fields": {
            "ticket": "184b0e67-b756-4672-b573-5ba66155deba",
            "checkout": 6
        }
    },
    {
        "model": "ticket.bookeddetails",
        "pk": 9,
        "fields": {
            "ticket": "184b0e67-b756-4672-b573-5ba66155deba",
            "checkout": 7
        }
    },
    {
        "model": "ticket.bookeddetails",
        "pk": 10,
        "fields": {
            "ticket": "c61015c7-7f1a-4b89-a199-162f513bd343",
            "checkout": 7
        }
    },
    {
        "model": "ticket.bookeddetails",
        "pk": 11,
        "fields": {
            "ticket": "184b0e67-b756-4672-b573-5ba66155deba",
            "checkout": 8
        }
    },
    {
        "model": "ticket.bookeddetails",
        "pk": 12,
        "fields": {
            "ticket": "c61015c7-7f1a-4b89-a199-162f513bd343",
            "checkout": 8
        }
    },
    {
        "model": "ticket.bookeddetails",
        "pk": 13,
        "fields": {
            "ticket": "5be89aa0-4bd6-4ed0-b5b6-b3e5ca740bc7",
            "checkout": 9
        }
    },
    {
        "model": "ticket.bookeddetails",
        "pk": 14,
        "fields": {
            "ticket": "5be89aa0-4bd6-4ed0-b5b6-b3e5ca740bc7",
            "checkout": 10
        }
    },
    {
        "model": "ticket.bookeddetails",
        "pk": 15,
        "fields": {
            "ticket": "ad3c8d5f-5d1f-48bf-bc9b-6514b25be3cb",
            "checkout": 10
        }
    },
    {
        "model": "ticket.bookeddetails",
        "pk": 16,
        "fields": {
            "ticket": "a3913f0a-36f1-44cc-a154-85514d9da79f",
            "checkout": 10
        }
    },
    {
        "model": "ticket.bookeddetails",
        "pk": 17,
        "fields": {
            "ticket": "2e9c3636-75d0-40f0-ac09-39a9748c1328",
            "checkout": 11
        }
    },
    {
        "model": "ticket.bookeddetails",
        "pk": 18,
        "fields": {
            "ticket": "2e9c3636-75d0-40f0-ac09-39a9748c1328",
            "checkout": 12
        }
    },
    {
        "model": "ticket.payment",
        "pk": 1,
        "fields": {
            "checkout": 2,
            "payment_date": "2023-09-18T05:52:57.802Z",
            "payment_amount": "2000.00",
            "payment_status": "requires_payment_method"
        }
    },
    {
        "model": "ticket.payment",
        "pk": 3,
        "fields": {
            "checkout": 3,
            "payment_date": "2023-09-18T05:55:31.426Z",
            "payment_amount": "2000.00",
            "payment_status": "Successfull"
        }
    },
    {
        "model": "ticket.payment",
        "pk": 5,
        "fields": {
            "checkout": 4,
            "payment_date": "2023-09-18T06:08:17.923Z",
            "payment_amount": "2000.00",
            "payment_status": "Successfull"
        }
    },
    {
        "model": "ticket.payment",
        "pk": 6,
        "fields": {
            "checkout": 5,
            "payment_date": "2023-09-18T06:10:32.826Z",
            "payment_amount": "2000.00",
            "payment_status": "Successfull"
        }
    },
    {
        "model": "ticket.payment",
        "pk": 7,
        "fields": {
            "checkout": 6,
            "payment_date": "2023-09-18T06:13:17.253Z",
            "payment_amount": "2000.00",
            "payment_status": "requires_payment_method"
        }
    },
    {
        "model": "ticket.payment",
        "pk": 9,
        "fields": {
            "checkout": 7,
            "payment_date": "2023-09-18T10:06:58.925Z",
            "payment_amount": "4000.00",
            "payment_status": "requires_payment_method"
        }
    },
    {
        "model": "ticket.payment",
        "pk": 11,
        "fields": {
            "checkout": 8,
            "payment_date": "2023-09-18T10:09:25.586Z",
            "payment_amount": "4000.00",
            "payment_status": "succeeded"
        }
    },
    {
        "model": "ticket.payment",
        "pk": 12,
        "fields": {
            "checkout": 9,
            "payment_date": "2023-09-18T10:15:16.406Z",
            "payment_amount": "2500.00",
            "payment_status": "requires_payment_method"
        }
    },
    {
        "model": "ticket.payment",
        "pk": 13,
        "fields": {
            "checkout": 10,
            "payment_date": "2023-09-18T10:49:09.819Z",
            "payment_amount": "5100.00",
            "payment_status": "succeeded"
        }
    },
    {
        "model": "ticket.payment",
        "pk": 14,
        "fields": {
            "checkout": 11,
            "payment_date": "2023-09-19T08:47:14.790Z",
            "payment_amount": "5000.00",
            "payment_status": "requires_payment_method"
        }
    },
    {
        "model": "ticket.payment",
        "pk": 15,
        "fields": {
            "checkout": 12,
            "payment_date": "2023-09-20T10:56:24.630Z",
            "payment_amount": "5000.00",
            "payment_status": "requires_payment_method"
        }
    },
    {
        "model": "core.basemodel",
        "pk": "0b0d311a-14c7-44f1-8f6d-43899f2e5b24",
        "fields": {
            "created": "2023-09-18T10:51:46.685Z",
            "updated": "2023-09-18T11:55:54.919Z",
            "is_active": true
        }
    },
    {
        "model": "core.basemodel",
        "pk": "14cb78f0-b100-481d-8308-fe54026f8c8f",
        "fields": {
            "created": "2023-09-18T05:42:52.425Z",
            "updated": "2023-09-18T11:41:39.216Z",
            "is_active": true
        }
    },
    {
        "model": "core.basemodel",
        "pk": "16831bdb-3cd2-40c1-9b92-c0beb6b95ba5",
        "fields": {
            "created": "2023-09-18T05:43:54.572Z",
            "updated": "2023-09-18T05:44:46.405Z",
            "is_active": true
        }
    },
    {
        "model": "core.basemodel",
        "pk": "184b0e67-b756-4672-b573-5ba66155deba",
        "fields": {
            "created": "2023-09-18T05:44:25.420Z",
            "updated": "2023-11-02T05:10:26.815Z",
            "is_active": true
        }
    },
    {
        "model": "core.basemodel",
        "pk": "191ba86a-31c8-4bdf-bdd7-ba4623be5e18",
        "fields": {
            "created": "2023-09-18T11:49:17.704Z",
            "updated": "2023-09-18T11:49:17.704Z",
            "is_active": true
        }
    },
    {
        "model": "core.basemodel",
        "pk": "1bb3fefc-4738-4c8a-9009-504fd2c3d484",
        "fields": {
            "created": "2023-09-18T10:40:00.472Z",
            "updated": "2023-09-18T10:40:00.472Z",
            "is_active": true
        }
    },
    {
        "model": "core.basemodel",
        "pk": "26cc2dad-a2c2-4037-ba55-036b7c0c95d3",
        "fields": {
            "created": "2023-09-18T05:43:54.568Z",
            "updated": "2023-09-18T05:43:54.568Z",
            "is_active": true
        }
    },
    {
        "model": "core.basemodel",
        "pk": "2e9c3636-75d0-40f0-ac09-39a9748c1328",
        "fields": {
            "created": "2023-09-18T09:00:21.237Z",
            "updated": "2023-11-02T05:10:19.460Z",
            "is_active": true
        }
    },
    {
        "model": "core.basemodel",
        "pk": "35fe1639-fe67-45fd-930b-046678330bbc",
        "fields": {
            "created": "2023-09-18T10:51:46.687Z",
            "updated": "2023-09-18T11:55:54.921Z",
            "is_active": true
        }
    },
    {
        "model": "core.basemodel",
        "pk": "389385c3-b080-460c-bb0b-95c20f7d0d2b",
        "fields": {
            "created": "2023-09-18T08:57:42.863Z",
            "updated": "2023-09-18T11:55:19.186Z",
            "is_active": true
        }
    },
    {
        "model": "core.basemodel",
        "pk": "44cebdbf-596b-492d-be5f-5e853a5fc507",
        "fields": {
            "created": "2023-09-18T11:55:54.923Z",
            "updated": "2023-09-18T11:55:54.923Z",
            "is_active": true
        }
    },
    {
        "model": "core.basemodel",
        "pk": "45571041-9bbe-4787-bdbd-623e33edf6ff",
        "fields": {
            "created": "2023-09-18T06:45:54.605Z",
            "updated": "2023-09-18T10:29:02.874Z",
            "is_active": true
        }
    },
    {
        "model": "core.basemodel",
        "pk": "554d897e-bc63-4855-b156-8034a147c1f8",
        "fields": {
            "created": "2023-09-18T08:52:18.213Z",
            "updated": "2023-09-18T10:53:45.981Z",
            "is_active": true
        }
    },
    {
        "model": "core.basemodel",
        "pk": "5be89aa0-4bd6-4ed0-b5b6-b3e5ca740bc7",
        "fields": {
            "created": "2023-09-18T08:56:53.859Z",
            "updated": "2023-11-02T05:10:12.143Z",
            "is_active": true
        }
    },
    {
        "model": "core.basemodel",
        "pk": "6b67dbf2-81c1-4dd7-ba1c-a096eb31f608",
        "fields": {
            "created": "2023-09-18T08:57:42.864Z",
            "updated": "2023-09-18T09:00:21.232Z",
            "is_active": true
        }
    },
    {
        "model": "core.basemodel",
        "pk": "78e607b5-9601-49f4-ae36-dc9c0d281eae",
        "fields": {
            "created": "2023-09-18T09:00:21.238Z",
            "updated": "2023-11-02T05:10:04.027Z",
            "is_active": true
        }
    },
    {
        "model": "core.basemodel",
        "pk": "79ab3afc-c725-4d51-89ef-cc4087571abd",
        "fields": {
            "created": "2023-09-18T08:50:44.641Z",
            "updated": "2023-09-18T11:59:19.190Z",
            "is_active": true
        }
    },
    {
        "model": "core.basemodel",
        "pk": "7a77a856-70f6-4f32-8231-23d89d2d2ba0",
        "fields": {
            "created": "2023-09-18T05:44:46.407Z",
            "updated": "2023-11-02T05:09:55.451Z",
            "is_active": true
        }
    },
    {
        "model": "core.basemodel",
        "pk": "7d6cb390-2153-4304-9053-6269ca87f581",
        "fields": {
            "created": "2023-09-18T05:44:46.408Z",
            "updated": "2023-11-02T05:09:38.308Z",
            "is_active": true
        }
    },
    {
        "model": "core.basemodel",
        "pk": "831ab421-9ac0-4fae-96dc-3d8b4338450d",
        "fields": {
            "created": "2023-09-18T08:40:56.594Z",
            "updated": "2023-09-18T10:57:18.021Z",
            "is_active": true
        }
    },
    {
        "model": "core.basemodel",
        "pk": "84d03009-f60b-4a6c-a43d-f5aaf4632486",
        "fields": {
            "created": "2023-09-18T10:52:56.802Z",
            "updated": "2023-11-02T05:09:47.637Z",
            "is_active": true
        }
    },
    {
        "model": "core.basemodel",
        "pk": "88d170c0-a533-4873-8b70-941751afb77a",
        "fields": {
            "created": "2023-09-18T08:54:38.309Z",
            "updated": "2023-11-02T05:09:30.330Z",
            "is_active": true
        }
    },
    {
        "model": "core.basemodel",
        "pk": "98e094b0-ca2d-4b3a-a5ba-acd6f0967285",
        "fields": {
            "created": "2023-09-18T08:56:53.862Z",
            "updated": "2023-11-02T05:09:22.624Z",
            "is_active": true
        }
    },
    {
        "model": "core.basemodel",
        "pk": "9bdc4632-80e3-4897-927e-2fd50afed9fa",
        "fields": {
            "created": "2023-09-18T07:02:42.060Z",
            "updated": "2023-09-18T07:02:42.060Z",
            "is_active": true
        }
    },
    {
        "model": "core.basemodel",
        "pk": "9f4b4448-4f8d-4ae1-a32c-329d916e1c1c",
        "fields": {
            "created": "2023-09-18T09:00:21.235Z",
            "updated": "2023-11-02T05:09:13.477Z",
            "is_active": true
        }
    },
    {
        "model": "core.basemodel",
        "pk": "a3855275-1a74-4d30-bac5-e30b84662a25",
        "fields": {
            "created": "2023-09-18T08:52:18.211Z",
            "updated": "2023-09-18T08:56:53.857Z",
            "is_active": true
        }
    },
    {
        "model": "core.basemodel",
        "pk": "a3913f0a-36f1-44cc-a154-85514d9da79f",
        "fields": {
            "created": "2023-09-18T08:54:38.308Z",
            "updated": "2023-11-02T05:09:04.176Z",
            "is_active": true
        }
    },
    {
        "model": "core.basemodel",
        "pk": "aad24ca4-f7d3-43c5-af6c-c06794af0b42",
        "fields": {
            "created": "2023-09-18T09:00:21.236Z",
            "updated": "2023-11-02T05:08:53.647Z",
            "is_active": true
        }
    },
    {
        "model": "core.basemodel",
        "pk": "ad3c8d5f-5d1f-48bf-bc9b-6514b25be3cb",
        "fields": {
            "created": "2023-09-18T08:56:53.860Z",
            "updated": "2023-11-02T05:08:44.288Z",
            "is_active": true
        }
    },
    {
        "model": "core.basemodel",
        "pk": "ad7bc041-15d4-488c-924f-e315eaf6c2ce",
        "fields": {
            "created": "2023-09-18T11:50:06.270Z",
            "updated": "2023-11-02T05:08:34.291Z",
            "is_active": true
        }
    },
    {
        "model": "core.basemodel",
        "pk": "af2fa218-9bf1-4b81-947e-184a62e977a8",
        "fields": {
            "created": "2023-09-18T11:49:17.702Z",
            "updated": "2023-09-18T11:49:17.702Z",
            "is_active": true
        }
    },
    {
        "model": "core.basemodel",
        "pk": "b01e5444-b087-4a36-b5fd-26e4f344dd6d",
        "fields": {
            "created": "2023-09-19T07:48:11.270Z",
            "updated": "2023-11-02T05:08:25.663Z",
            "is_active": true
        }
    },
    {
        "model": "core.basemodel",
        "pk": "b417af16-8397-4ff0-983a-57d59b56f8b9",
        "fields": {
            "created": "2023-09-18T11:55:19.188Z",
            "updated": "2023-09-18T11:55:19.188Z",
            "is_active": true
        }
    },
    {
        "model": "core.basemodel",
        "pk": "b81bd412-0554-4803-a819-49e2ca99a060",
        "fields": {
            "created": "2023-09-18T11:50:06.268Z",
            "updated": "2023-11-02T05:08:14.190Z",
            "is_active": true
        }
    },
    {
        "model": "core.basemodel",
        "pk": "b85922c7-d3b7-43cb-b5a7-ad6ab0b4a45c",
        "fields": {
            "created": "2023-09-18T10:52:56.803Z",
            "updated": "2023-11-02T05:07:55.677Z",
            "is_active": true
        }
    },
    {
        "model": "core.basemodel",
        "pk": "b8719ed1-41cc-49c3-a43d-c88cb02c9797",
        "fields": {
            "created": "2023-09-18T11:49:17.705Z",
            "updated": "2023-09-18T11:50:06.266Z",
            "is_active": true
        }
    },
    {
        "model": "core.basemodel",
        "pk": "bb59bf25-510e-4d9a-a5c6-729829a0b0e6",
        "fields": {
            "created": "2023-09-18T08:54:38.310Z",
            "updated": "2023-11-02T05:07:46.272Z",
            "is_active": true
        }
    },
    {
        "model": "core.basemodel",
        "pk": "c61015c7-7f1a-4b89-a199-162f513bd343",
        "fields": {
            "created": "2023-09-18T05:44:25.421Z",
            "updated": "2023-11-02T05:07:36.284Z",
            "is_active": true
        }
    },
    {
        "model": "core.basemodel",
        "pk": "e7be8766-ce97-4b6f-8e24-8f0edf4dd1a8",
        "fields": {
            "created": "2023-09-19T07:48:11.272Z",
            "updated": "2023-11-02T05:07:24.021Z",
            "is_active": true
        }
    },
    {
        "model": "core.basemodel",
        "pk": "ed9193a4-3d8f-4bc9-a9a5-f3198238b64c",
        "fields": {
            "created": "2023-09-18T08:56:53.861Z",
            "updated": "2023-11-02T05:07:07.130Z",
            "is_active": true
        }
    },
    {
        "model": "core.basemodel",
        "pk": "f078b261-a026-4032-9038-5c2a4ff86cae",
        "fields": {
            "created": "2023-09-18T05:43:26.174Z",
            "updated": "2023-09-18T05:43:26.174Z",
            "is_active": true
        }
    },
    {
        "model": "core.basemodel",
        "pk": "faacaebf-e40d-46e8-b14e-04678661b1e8",
        "fields": {
            "created": "2023-09-18T08:52:18.210Z",
            "updated": "2023-09-18T08:52:18.210Z",
            "is_active": true
        }
    },
    {
        "model": "core.basemodel",
        "pk": "fd5dd1b5-ba6f-4339-a312-5d4b806cffe9",
        "fields": {
            "created": "2023-09-18T10:52:56.801Z",
            "updated": "2023-11-02T05:06:55.937Z",
            "is_active": true
        }
    },
    {
        "model": "core.basemodel",
        "pk": "fdf1fd9e-83a8-4880-b39c-0329cddaba4f",
        "fields": {
            "created": "2023-09-18T05:43:54.570Z",
            "updated": "2023-09-18T05:44:25.418Z",
            "is_active": true
        }
    }
]